title,description,tags,content,file_path,cover_image,canonical_url,series,published,devto_published,hashnode_published,last_published
"JavaScript异步编程完全指南","深入理解JavaScript异步编程的发展历程","javascript,async,promise,webdev","# JavaScript异步编程完全指南

JavaScript异步编程是现代Web开发的核心技能之一。从最初的回调函数，到Promise，再到async/await，异步编程的写法越来越优雅和易读。

## 什么是异步编程？

异步编程是一种编程范式，允许程序在等待某些操作完成时继续执行其他代码...

## 总结

掌握异步编程是成为优秀JavaScript开发者的必经之路。","","https://images.unsplash.com/photo-1555949963-ff9fe0c870eb","","JavaScript进阶系列",true,false,false,""
"React Hooks实战指南","详细解释React Hooks的使用方法和最佳实践","react,hooks,javascript,frontend","","articles/react-hooks-guide.md","https://images.unsplash.com/photo-1633356122102-3fe601e05bd2","https://myblog.com/react-hooks","React实战系列",true,false,false,""
"TypeScript入门教程","从零开始学习TypeScript的基础语法和高级特性","typescript,javascript,tutorial,beginners","# TypeScript入门教程

TypeScript是JavaScript的超集，为JavaScript添加了静态类型检查功能...

## 基础语法

### 变量声明
```typescript
let message: string = 'Hello TypeScript';
let count: number = 42;
let isReady: boolean = true;
```

## 总结

TypeScript能够帮助我们编写更安全、更可维护的JavaScript代码。","","","","编程语言系列",true,false,false,"" 